class id,filepaths,labels,data set
8,train/basketball/001.jpg,basketball,train
8,train/basketball/002.jpg,basketball,train
8,train/basketball/003.jpg,basketball,train
8,train/basketball/004.jpg,basketball,train
8,train/basketball/005.jpg,basketball,train
8,train/basketball/006.jpg,basketball,train
8,train/basketball/007.jpg,basketball,train
8,train/basketball/008.jpg,basketball,train
8,train/basketball/009.jpg,basketball,train
8,train/basketball/010.jpg,basketball,train
8,train/basketball/011.jpg,basketball,train
8,train/basketball/012.jpg,basketball,train
8,train/basketball/013.jpg,basketball,train
8,train/basketball/014.jpg,basketball,train
8,train/basketball/015.jpg,basketball,train
8,train/basketball/016.jpg,basketball,train
8,train/basketball/017.jpg,basketball,train
8,train/basketball/018.jpg,basketball,train
8,train/basketball/019.jpg,basketball,train
8,train/basketball/020.jpg,basketball,train
8,train/basketball/021.jpg,basketball,train
8,train/basketball/022.jpg,basketball,train
8,train/basketball/023.jpg,basketball,train
8,train/basketball/024.jpg,basketball,train
8,train/basketball/025.jpg,basketball,train
8,train/basketball/026.jpg,basketball,train
8,train/basketball/027.jpg,basketball,train
8,train/basketball/028.jpg,basketball,train
8,train/basketball/029.jpg,basketball,train
8,train/basketball/030.jpg,basketball,train
8,train/basketball/031.jpg,basketball,train
8,train/basketball/032.jpg,basketball,train
8,train/basketball/033.jpg,basketball,train
8,train/basketball/034.jpg,basketball,train
8,train/basketball/035.jpg,basketball,train
8,train/basketball/036.jpg,basketball,train
8,train/basketball/037.jpg,basketball,train
8,train/basketball/038.jpg,basketball,train
8,train/basketball/039.jpg,basketball,train
8,train/basketball/040.jpg,basketball,train
8,train/basketball/041.jpg,basketball,train
8,train/basketball/042.jpg,basketball,train
8,train/basketball/043.jpg,basketball,train
8,train/basketball/044.jpg,basketball,train
8,train/basketball/045.jpg,basketball,train
8,train/basketball/046.jpg,basketball,train
8,train/basketball/047.jpg,basketball,train
8,train/basketball/048.jpg,basketball,train
8,train/basketball/049.jpg,basketball,train
8,train/basketball/050.jpg,basketball,train
8,train/basketball/051.jpg,basketball,train
8,train/basketball/052.jpg,basketball,train
8,train/basketball/053.jpg,basketball,train
8,train/basketball/054.jpg,basketball,train
8,train/basketball/055.jpg,basketball,train
8,train/basketball/056.jpg,basketball,train
8,train/basketball/057.jpg,basketball,train
8,train/basketball/058.jpg,basketball,train
8,train/basketball/059.jpg,basketball,train
8,train/basketball/060.jpg,basketball,train
8,train/basketball/061.jpg,basketball,train
8,train/basketball/062.jpg,basketball,train
8,train/basketball/063.jpg,basketball,train
8,train/basketball/064.jpg,basketball,train
8,train/basketball/065.jpg,basketball,train
8,train/basketball/066.jpg,basketball,train
8,train/basketball/067.jpg,basketball,train
8,train/basketball/068.jpg,basketball,train
8,train/basketball/069.jpg,basketball,train
8,train/basketball/070.jpg,basketball,train
8,train/basketball/071.jpg,basketball,train
8,train/basketball/072.jpg,basketball,train
8,train/basketball/073.jpg,basketball,train
8,train/basketball/074.jpg,basketball,train
8,train/basketball/075.jpg,basketball,train
8,train/basketball/076.jpg,basketball,train
8,train/basketball/077.jpg,basketball,train
8,train/basketball/078.jpg,basketball,train
8,train/basketball/079.jpg,basketball,train
8,train/basketball/080.jpg,basketball,train
8,train/basketball/081.jpg,basketball,train
8,train/basketball/082.jpg,basketball,train
8,train/basketball/083.jpg,basketball,train
8,train/basketball/084.jpg,basketball,train
8,train/basketball/085.jpg,basketball,train
8,train/basketball/086.jpg,basketball,train
8,train/basketball/087.jpg,basketball,train
8,train/basketball/088.jpg,basketball,train
8,train/basketball/089.jpg,basketball,train
8,train/basketball/090.jpg,basketball,train
8,train/basketball/091.jpg,basketball,train
8,train/basketball/092.jpg,basketball,train
8,train/basketball/093.jpg,basketball,train
8,train/basketball/094.jpg,basketball,train
8,train/basketball/095.jpg,basketball,train
8,train/basketball/096.jpg,basketball,train
8,train/basketball/097.jpg,basketball,train
8,train/basketball/098.jpg,basketball,train
8,train/basketball/099.jpg,basketball,train
8,train/basketball/100.jpg,basketball,train
8,train/basketball/101.jpg,basketball,train
8,train/basketball/102.jpg,basketball,train
8,train/basketball/103.jpg,basketball,train
8,train/basketball/104.jpg,basketball,train
8,train/basketball/105.jpg,basketball,train
8,train/basketball/106.jpg,basketball,train
8,train/basketball/107.jpg,basketball,train
8,train/basketball/108.jpg,basketball,train
8,train/basketball/109.jpg,basketball,train
8,train/basketball/110.jpg,basketball,train
8,train/basketball/111.jpg,basketball,train
8,train/basketball/112.jpg,basketball,train
8,train/basketball/113.jpg,basketball,train
8,train/basketball/114.jpg,basketball,train
8,train/basketball/115.jpg,basketball,train
8,train/basketball/116.jpg,basketball,train
8,train/basketball/117.jpg,basketball,train
8,train/basketball/118.jpg,basketball,train
8,train/basketball/119.jpg,basketball,train
8,train/basketball/120.jpg,basketball,train
8,train/basketball/121.jpg,basketball,train
8,train/basketball/122.jpg,basketball,train
8,train/basketball/123.jpg,basketball,train
8,train/basketball/124.jpg,basketball,train
8,train/basketball/125.jpg,basketball,train
8,train/basketball/126.jpg,basketball,train
8,train/basketball/127.jpg,basketball,train
8,train/basketball/128.jpg,basketball,train
8,train/basketball/129.jpg,basketball,train
8,train/basketball/130.jpg,basketball,train
8,train/basketball/131.jpg,basketball,train
8,train/basketball/132.jpg,basketball,train
8,train/basketball/133.jpg,basketball,train
8,train/basketball/134.jpg,basketball,train
8,train/basketball/135.jpg,basketball,train
8,train/basketball/136.jpg,basketball,train
8,train/basketball/137.jpg,basketball,train
8,train/basketball/138.jpg,basketball,train
8,train/basketball/139.jpg,basketball,train
8,train/basketball/140.jpg,basketball,train
8,train/basketball/141.jpg,basketball,train
8,train/basketball/142.jpg,basketball,train
8,train/basketball/143.jpg,basketball,train
8,train/basketball/144.jpg,basketball,train
8,train/basketball/145.jpg,basketball,train
8,train/basketball/146.jpg,basketball,train
8,train/basketball/147.jpg,basketball,train
8,train/basketball/148.jpg,basketball,train
8,train/basketball/149.jpg,basketball,train
8,train/basketball/150.jpg,basketball,train
8,train/basketball/151.jpg,basketball,train
8,train/basketball/152.jpg,basketball,train
8,train/basketball/153.jpg,basketball,train
8,train/basketball/154.jpg,basketball,train
8,train/basketball/155.jpg,basketball,train
8,train/basketball/156.jpg,basketball,train
8,train/basketball/157.jpg,basketball,train
8,train/basketball/158.jpg,basketball,train
8,train/basketball/159.jpg,basketball,train
8,train/basketball/160.jpg,basketball,train
8,train/basketball/161.jpg,basketball,train
8,train/basketball/162.jpg,basketball,train
8,train/basketball/163.jpg,basketball,train
8,train/basketball/164.jpg,basketball,train
8,train/basketball/165.jpg,basketball,train
8,train/basketball/166.jpg,basketball,train
8,train/basketball/167.jpg,basketball,train
8,train/basketball/168.jpg,basketball,train
8,train/basketball/169.jpg,basketball,train
14,train/bowling/001.jpg,bowling,train
14,train/bowling/002.jpg,bowling,train
14,train/bowling/003.jpg,bowling,train
14,train/bowling/004.jpg,bowling,train
14,train/bowling/005.jpg,bowling,train
14,train/bowling/006.jpg,bowling,train
14,train/bowling/007.jpg,bowling,train
14,train/bowling/008.jpg,bowling,train
14,train/bowling/009.jpg,bowling,train
14,train/bowling/010.jpg,bowling,train
14,train/bowling/011.jpg,bowling,train
14,train/bowling/012.jpg,bowling,train
14,train/bowling/013.jpg,bowling,train
14,train/bowling/014.jpg,bowling,train
14,train/bowling/015.jpg,bowling,train
14,train/bowling/016.jpg,bowling,train
14,train/bowling/017.jpg,bowling,train
14,train/bowling/018.jpg,bowling,train
14,train/bowling/019.jpg,bowling,train
14,train/bowling/020.jpg,bowling,train
14,train/bowling/021.jpg,bowling,train
14,train/bowling/022.jpg,bowling,train
14,train/bowling/023.jpg,bowling,train
14,train/bowling/024.jpg,bowling,train
14,train/bowling/025.jpg,bowling,train
14,train/bowling/026.jpg,bowling,train
14,train/bowling/027.jpg,bowling,train
14,train/bowling/028.jpg,bowling,train
14,train/bowling/029.jpg,bowling,train
14,train/bowling/030.jpg,bowling,train
14,train/bowling/031.jpg,bowling,train
14,train/bowling/032.jpg,bowling,train
14,train/bowling/033.jpg,bowling,train
14,train/bowling/034.jpg,bowling,train
14,train/bowling/035.jpg,bowling,train
14,train/bowling/036.jpg,bowling,train
14,train/bowling/037.jpg,bowling,train
14,train/bowling/038.jpg,bowling,train
14,train/bowling/039.jpg,bowling,train
14,train/bowling/040.jpg,bowling,train
14,train/bowling/041.jpg,bowling,train
14,train/bowling/042.jpg,bowling,train
14,train/bowling/043.jpg,bowling,train
14,train/bowling/044.jpg,bowling,train
14,train/bowling/045.jpg,bowling,train
14,train/bowling/046.jpg,bowling,train
14,train/bowling/047.jpg,bowling,train
14,train/bowling/048.jpg,bowling,train
14,train/bowling/049.jpg,bowling,train
14,train/bowling/050.jpg,bowling,train
14,train/bowling/051.jpg,bowling,train
14,train/bowling/052.jpg,bowling,train
14,train/bowling/053.jpg,bowling,train
14,train/bowling/054.jpg,bowling,train
14,train/bowling/055.jpg,bowling,train
14,train/bowling/056.jpg,bowling,train
14,train/bowling/057.jpg,bowling,train
14,train/bowling/058.jpg,bowling,train
14,train/bowling/059.jpg,bowling,train
14,train/bowling/060.jpg,bowling,train
14,train/bowling/061.jpg,bowling,train
14,train/bowling/062.jpg,bowling,train
14,train/bowling/063.jpg,bowling,train
14,train/bowling/064.jpg,bowling,train
14,train/bowling/065.jpg,bowling,train
14,train/bowling/066.jpg,bowling,train
14,train/bowling/067.jpg,bowling,train
14,train/bowling/068.jpg,bowling,train
14,train/bowling/069.jpg,bowling,train
14,train/bowling/070.jpg,bowling,train
14,train/bowling/071.jpg,bowling,train
14,train/bowling/072.jpg,bowling,train
14,train/bowling/073.jpg,bowling,train
14,train/bowling/074.jpg,bowling,train
14,train/bowling/075.jpg,bowling,train
14,train/bowling/076.jpg,bowling,train
14,train/bowling/077.jpg,bowling,train
14,train/bowling/078.jpg,bowling,train
14,train/bowling/079.jpg,bowling,train
14,train/bowling/080.jpg,bowling,train
14,train/bowling/081.jpg,bowling,train
14,train/bowling/082.jpg,bowling,train
14,train/bowling/083.jpg,bowling,train
14,train/bowling/084.jpg,bowling,train
14,train/bowling/085.jpg,bowling,train
14,train/bowling/086.jpg,bowling,train
14,train/bowling/087.jpg,bowling,train
14,train/bowling/088.jpg,bowling,train
14,train/bowling/089.jpg,bowling,train
14,train/bowling/090.jpg,bowling,train
14,train/bowling/091.jpg,bowling,train
14,train/bowling/092.jpg,bowling,train
14,train/bowling/093.jpg,bowling,train
14,train/bowling/094.jpg,bowling,train
14,train/bowling/095.jpg,bowling,train
14,train/bowling/096.jpg,bowling,train
14,train/bowling/097.jpg,bowling,train
14,train/bowling/098.jpg,bowling,train
14,train/bowling/099.jpg,bowling,train
14,train/bowling/100.jpg,bowling,train
14,train/bowling/101.jpg,bowling,train
14,train/bowling/102.jpg,bowling,train
14,train/bowling/103.jpg,bowling,train
14,train/bowling/104.jpg,bowling,train
14,train/bowling/105.jpg,bowling,train
14,train/bowling/106.jpg,bowling,train
14,train/bowling/107.jpg,bowling,train
14,train/bowling/108.jpg,bowling,train
14,train/bowling/109.jpg,bowling,train
14,train/bowling/110.jpg,bowling,train
14,train/bowling/111.jpg,bowling,train
14,train/bowling/112.jpg,bowling,train
14,train/bowling/113.jpg,bowling,train
14,train/bowling/114.jpg,bowling,train
14,train/bowling/115.jpg,bowling,train
14,train/bowling/116.jpg,bowling,train
14,train/bowling/117.jpg,bowling,train
14,train/bowling/118.jpg,bowling,train
14,train/bowling/119.jpg,bowling,train
14,train/bowling/120.jpg,bowling,train
31,train/football/001.jpg,football,train
31,train/football/002.jpg,football,train
31,train/football/003.jpg,football,train
31,train/football/004.jpg,football,train
31,train/football/005.jpg,football,train
31,train/football/006.jpg,football,train
31,train/football/007.jpg,football,train
31,train/football/008.jpg,football,train
31,train/football/009.jpg,football,train
31,train/football/010.jpg,football,train
31,train/football/011.jpg,football,train
31,train/football/012.jpg,football,train
31,train/football/013.jpg,football,train
31,train/football/014.jpg,football,train
31,train/football/015.jpg,football,train
31,train/football/016.jpg,football,train
31,train/football/017.jpg,football,train
31,train/football/018.jpg,football,train
31,train/football/019.jpg,football,train
31,train/football/020.jpg,football,train
31,train/football/021.jpg,football,train
31,train/football/022.jpg,football,train
31,train/football/023.jpg,football,train
31,train/football/024.jpg,football,train
31,train/football/025.jpg,football,train
31,train/football/026.jpg,football,train
31,train/football/027.jpg,football,train
31,train/football/028.jpg,football,train
31,train/football/029.jpg,football,train
31,train/football/030.jpg,football,train
31,train/football/031.jpg,football,train
31,train/football/032.jpg,football,train
31,train/football/033.jpg,football,train
31,train/football/034.jpg,football,train
31,train/football/035.jpg,football,train
31,train/football/036.jpg,football,train
31,train/football/037.jpg,football,train
31,train/football/038.jpg,football,train
31,train/football/039.jpg,football,train
31,train/football/040.jpg,football,train
31,train/football/041.jpg,football,train
31,train/football/042.jpg,football,train
31,train/football/043.jpg,football,train
31,train/football/044.jpg,football,train
31,train/football/045.jpg,football,train
31,train/football/046.jpg,football,train
31,train/football/047.jpg,football,train
31,train/football/048.jpg,football,train
31,train/football/049.jpg,football,train
31,train/football/050.jpg,football,train
31,train/football/051.jpg,football,train
31,train/football/052.jpg,football,train
31,train/football/053.jpg,football,train
31,train/football/054.jpg,football,train
31,train/football/055.jpg,football,train
31,train/football/056.jpg,football,train
31,train/football/057.jpg,football,train
31,train/football/058.jpg,football,train
31,train/football/059.jpg,football,train
31,train/football/060.jpg,football,train
31,train/football/061.jpg,football,train
31,train/football/062.jpg,football,train
31,train/football/063.jpg,football,train
31,train/football/064.jpg,football,train
31,train/football/065.jpg,football,train
31,train/football/066.jpg,football,train
31,train/football/067.jpg,football,train
31,train/football/068.jpg,football,train
31,train/football/069.jpg,football,train
31,train/football/070.jpg,football,train
31,train/football/071.jpg,football,train
31,train/football/072.jpg,football,train
31,train/football/073.jpg,football,train
31,train/football/074.jpg,football,train
31,train/football/075.jpg,football,train
31,train/football/076.jpg,football,train
31,train/football/077.jpg,football,train
31,train/football/078.jpg,football,train
31,train/football/079.jpg,football,train
31,train/football/080.jpg,football,train
31,train/football/081.jpg,football,train
31,train/football/082.jpg,football,train
31,train/football/083.jpg,football,train
31,train/football/084.jpg,football,train
31,train/football/085.jpg,football,train
31,train/football/086.jpg,football,train
31,train/football/087.jpg,football,train
31,train/football/088.jpg,football,train
31,train/football/089.jpg,football,train
31,train/football/090.jpg,football,train
31,train/football/091.jpg,football,train
31,train/football/092.jpg,football,train
31,train/football/093.jpg,football,train
31,train/football/094.jpg,football,train
31,train/football/095.jpg,football,train
31,train/football/096.jpg,football,train
31,train/football/097.jpg,football,train
31,train/football/098.jpg,football,train
31,train/football/099.jpg,football,train
31,train/football/100.jpg,football,train
31,train/football/101.jpg,football,train
31,train/football/102.jpg,football,train
31,train/football/103.jpg,football,train
31,train/football/104.jpg,football,train
31,train/football/105.jpg,football,train
31,train/football/106.jpg,football,train
31,train/football/107.jpg,football,train
31,train/football/108.jpg,football,train
31,train/football/109.jpg,football,train
31,train/football/110.jpg,football,train
31,train/football/111.jpg,football,train
31,train/football/112.jpg,football,train
31,train/football/113.jpg,football,train
31,train/football/114.jpg,football,train
31,train/football/115.jpg,football,train
31,train/football/116.jpg,football,train
31,train/football/117.jpg,football,train
31,train/football/118.jpg,football,train
31,train/football/119.jpg,football,train
31,train/football/120.jpg,football,train
31,train/football/121.jpg,football,train
31,train/football/122.jpg,football,train
31,train/football/123.jpg,football,train
31,train/football/124.jpg,football,train
31,train/football/125.jpg,football,train
31,train/football/126.jpg,football,train
31,train/football/127.jpg,football,train
31,train/football/128.jpg,football,train
31,train/football/129.jpg,football,train
31,train/football/130.jpg,football,train
31,train/football/131.jpg,football,train
31,train/football/132.jpg,football,train
31,train/football/133.jpg,football,train
31,train/football/134.jpg,football,train
31,train/football/135.jpg,football,train
31,train/football/136.jpg,football,train
31,train/football/137.jpg,football,train
31,train/football/138.jpg,football,train
31,train/football/139.jpg,football,train
31,train/football/140.jpg,football,train
31,train/football/141.jpg,football,train
31,train/football/142.jpg,football,train
31,train/football/143.jpg,football,train
31,train/football/144.jpg,football,train
31,train/football/145.jpg,football,train
31,train/football/146.jpg,football,train
31,train/football/147.jpg,football,train
31,train/football/148.jpg,football,train
31,train/football/149.jpg,football,train
31,train/football/150.jpg,football,train
31,train/football/151.jpg,football,train
31,train/football/152.jpg,football,train
31,train/football/153.jpg,football,train
31,train/football/154.jpg,football,train
31,train/football/155.jpg,football,train
31,train/football/156.jpg,football,train
31,train/football/157.jpg,football,train
31,train/football/158.jpg,football,train
31,train/football/159.jpg,football,train
31,train/football/160.jpg,football,train
31,train/football/161.jpg,football,train
31,train/football/162.jpg,football,train
31,train/football/163.jpg,football,train
31,train/football/164.jpg,football,train
31,train/football/165.jpg,football,train
31,train/football/166.jpg,football,train
31,train/football/167.jpg,football,train
31,train/football/168.jpg,football,train
31,train/football/169.jpg,football,train
31,train/football/170.jpg,football,train
31,train/football/171.jpg,football,train
31,train/football/172.jpg,football,train
31,train/football/173.jpg,football,train
31,train/football/174.jpg,football,train
31,train/football/175.jpg,football,train
31,train/football/176.jpg,football,train
31,train/football/177.jpg,football,train
31,train/football/178.jpg,football,train
31,train/football/179.jpg,football,train
31,train/football/180.jpg,football,train
31,train/football/181.jpg,football,train
31,train/football/182.jpg,football,train
31,train/football/183.jpg,football,train
31,train/football/184.jpg,football,train
31,train/football/185.jpg,football,train
31,train/football/186.jpg,football,train
31,train/football/187.jpg,football,train
31,train/football/188.jpg,football,train
31,train/football/189.jpg,football,train
31,train/football/190.jpg,football,train
31,train/football/191.jpg,football,train
32,train/formula 1 racing/001.jpg,formula 1 racing,train
32,train/formula 1 racing/002.jpg,formula 1 racing,train
32,train/formula 1 racing/003.jpg,formula 1 racing,train
32,train/formula 1 racing/004.jpg,formula 1 racing,train
32,train/formula 1 racing/005.jpg,formula 1 racing,train
32,train/formula 1 racing/006.jpg,formula 1 racing,train
32,train/formula 1 racing/007.jpg,formula 1 racing,train
32,train/formula 1 racing/008.jpg,formula 1 racing,train
32,train/formula 1 racing/009.jpg,formula 1 racing,train
32,train/formula 1 racing/010.jpg,formula 1 racing,train
32,train/formula 1 racing/011.jpg,formula 1 racing,train
32,train/formula 1 racing/012.jpg,formula 1 racing,train
32,train/formula 1 racing/013.jpg,formula 1 racing,train
32,train/formula 1 racing/014.jpg,formula 1 racing,train
32,train/formula 1 racing/015.jpg,formula 1 racing,train
32,train/formula 1 racing/016.jpg,formula 1 racing,train
32,train/formula 1 racing/017.jpg,formula 1 racing,train
32,train/formula 1 racing/018.jpg,formula 1 racing,train
32,train/formula 1 racing/019.jpg,formula 1 racing,train
32,train/formula 1 racing/020.jpg,formula 1 racing,train
32,train/formula 1 racing/021.jpg,formula 1 racing,train
32,train/formula 1 racing/022.jpg,formula 1 racing,train
32,train/formula 1 racing/023.jpg,formula 1 racing,train
32,train/formula 1 racing/024.jpg,formula 1 racing,train
32,train/formula 1 racing/025.jpg,formula 1 racing,train
32,train/formula 1 racing/026.jpg,formula 1 racing,train
32,train/formula 1 racing/027.jpg,formula 1 racing,train
32,train/formula 1 racing/028.jpg,formula 1 racing,train
32,train/formula 1 racing/029.jpg,formula 1 racing,train
32,train/formula 1 racing/030.jpg,formula 1 racing,train
32,train/formula 1 racing/031.jpg,formula 1 racing,train
32,train/formula 1 racing/032.jpg,formula 1 racing,train
32,train/formula 1 racing/033.jpg,formula 1 racing,train
32,train/formula 1 racing/034.jpg,formula 1 racing,train
32,train/formula 1 racing/035.jpg,formula 1 racing,train
32,train/formula 1 racing/036.jpg,formula 1 racing,train
32,train/formula 1 racing/037.jpg,formula 1 racing,train
32,train/formula 1 racing/038.jpg,formula 1 racing,train
32,train/formula 1 racing/039.jpg,formula 1 racing,train
32,train/formula 1 racing/040.jpg,formula 1 racing,train
32,train/formula 1 racing/041.jpg,formula 1 racing,train
32,train/formula 1 racing/042.jpg,formula 1 racing,train
32,train/formula 1 racing/043.jpg,formula 1 racing,train
32,train/formula 1 racing/044.jpg,formula 1 racing,train
32,train/formula 1 racing/045.jpg,formula 1 racing,train
32,train/formula 1 racing/046.jpg,formula 1 racing,train
32,train/formula 1 racing/047.jpg,formula 1 racing,train
32,train/formula 1 racing/048.jpg,formula 1 racing,train
32,train/formula 1 racing/049.jpg,formula 1 racing,train
32,train/formula 1 racing/050.jpg,formula 1 racing,train
32,train/formula 1 racing/051.jpg,formula 1 racing,train
32,train/formula 1 racing/052.jpg,formula 1 racing,train
32,train/formula 1 racing/053.jpg,formula 1 racing,train
32,train/formula 1 racing/054.jpg,formula 1 racing,train
32,train/formula 1 racing/055.jpg,formula 1 racing,train
32,train/formula 1 racing/056.jpg,formula 1 racing,train
32,train/formula 1 racing/057.jpg,formula 1 racing,train
32,train/formula 1 racing/058.jpg,formula 1 racing,train
32,train/formula 1 racing/059.jpg,formula 1 racing,train
32,train/formula 1 racing/060.jpg,formula 1 racing,train
32,train/formula 1 racing/061.jpg,formula 1 racing,train
32,train/formula 1 racing/062.jpg,formula 1 racing,train
32,train/formula 1 racing/063.jpg,formula 1 racing,train
32,train/formula 1 racing/064.jpg,formula 1 racing,train
32,train/formula 1 racing/065.jpg,formula 1 racing,train
32,train/formula 1 racing/066.jpg,formula 1 racing,train
32,train/formula 1 racing/067.jpg,formula 1 racing,train
32,train/formula 1 racing/068.jpg,formula 1 racing,train
32,train/formula 1 racing/069.jpg,formula 1 racing,train
32,train/formula 1 racing/070.jpg,formula 1 racing,train
32,train/formula 1 racing/071.jpg,formula 1 racing,train
32,train/formula 1 racing/072.jpg,formula 1 racing,train
32,train/formula 1 racing/073.jpg,formula 1 racing,train
32,train/formula 1 racing/074.jpg,formula 1 racing,train
32,train/formula 1 racing/075.jpg,formula 1 racing,train
32,train/formula 1 racing/076.jpg,formula 1 racing,train
32,train/formula 1 racing/077.jpg,formula 1 racing,train
32,train/formula 1 racing/078.jpg,formula 1 racing,train
32,train/formula 1 racing/079.jpg,formula 1 racing,train
32,train/formula 1 racing/080.jpg,formula 1 racing,train
32,train/formula 1 racing/081.jpg,formula 1 racing,train
32,train/formula 1 racing/082.jpg,formula 1 racing,train
32,train/formula 1 racing/083.jpg,formula 1 racing,train
32,train/formula 1 racing/084.jpg,formula 1 racing,train
32,train/formula 1 racing/085.jpg,formula 1 racing,train
32,train/formula 1 racing/086.jpg,formula 1 racing,train
32,train/formula 1 racing/087.jpg,formula 1 racing,train
32,train/formula 1 racing/088.jpg,formula 1 racing,train
32,train/formula 1 racing/089.jpg,formula 1 racing,train
32,train/formula 1 racing/090.jpg,formula 1 racing,train
32,train/formula 1 racing/091.jpg,formula 1 racing,train
32,train/formula 1 racing/092.jpg,formula 1 racing,train
32,train/formula 1 racing/093.jpg,formula 1 racing,train
32,train/formula 1 racing/094.jpg,formula 1 racing,train
32,train/formula 1 racing/095.jpg,formula 1 racing,train
32,train/formula 1 racing/096.jpg,formula 1 racing,train
32,train/formula 1 racing/097.jpg,formula 1 racing,train
32,train/formula 1 racing/098.jpg,formula 1 racing,train
32,train/formula 1 racing/099.jpg,formula 1 racing,train
32,train/formula 1 racing/100.jpg,formula 1 racing,train
32,train/formula 1 racing/101.jpg,formula 1 racing,train
32,train/formula 1 racing/102.jpg,formula 1 racing,train
32,train/formula 1 racing/103.jpg,formula 1 racing,train
32,train/formula 1 racing/104.jpg,formula 1 racing,train
32,train/formula 1 racing/105.jpg,formula 1 racing,train
32,train/formula 1 racing/106.jpg,formula 1 racing,train
32,train/formula 1 racing/107.jpg,formula 1 racing,train
32,train/formula 1 racing/108.jpg,formula 1 racing,train
32,train/formula 1 racing/109.jpg,formula 1 racing,train
32,train/formula 1 racing/110.jpg,formula 1 racing,train
32,train/formula 1 racing/111.jpg,formula 1 racing,train
32,train/formula 1 racing/112.jpg,formula 1 racing,train
32,train/formula 1 racing/113.jpg,formula 1 racing,train
32,train/formula 1 racing/114.jpg,formula 1 racing,train
32,train/formula 1 racing/115.jpg,formula 1 racing,train
32,train/formula 1 racing/116.jpg,formula 1 racing,train
32,train/formula 1 racing/117.jpg,formula 1 racing,train
32,train/formula 1 racing/118.jpg,formula 1 racing,train
32,train/formula 1 racing/119.jpg,formula 1 racing,train
32,train/formula 1 racing/120.jpg,formula 1 racing,train
32,train/formula 1 racing/121.jpg,formula 1 racing,train
32,train/formula 1 racing/122.jpg,formula 1 racing,train
32,train/formula 1 racing/123.jpg,formula 1 racing,train
32,train/formula 1 racing/124.jpg,formula 1 racing,train
32,train/formula 1 racing/125.jpg,formula 1 racing,train
32,train/formula 1 racing/126.jpg,formula 1 racing,train
32,train/formula 1 racing/127.jpg,formula 1 racing,train
32,train/formula 1 racing/128.jpg,formula 1 racing,train
32,train/formula 1 racing/129.jpg,formula 1 racing,train
32,train/formula 1 racing/130.jpg,formula 1 racing,train
32,train/formula 1 racing/131.jpg,formula 1 racing,train
32,train/formula 1 racing/132.jpg,formula 1 racing,train
32,train/formula 1 racing/133.jpg,formula 1 racing,train
32,train/formula 1 racing/134.jpg,formula 1 racing,train
32,train/formula 1 racing/135.jpg,formula 1 racing,train
32,train/formula 1 racing/136.jpg,formula 1 racing,train
32,train/formula 1 racing/137.jpg,formula 1 racing,train
32,train/formula 1 racing/138.jpg,formula 1 racing,train
32,train/formula 1 racing/139.jpg,formula 1 racing,train
32,train/formula 1 racing/140.jpg,formula 1 racing,train
32,train/formula 1 racing/141.jpg,formula 1 racing,train
32,train/formula 1 racing/142.jpg,formula 1 racing,train
32,train/formula 1 racing/143.jpg,formula 1 racing,train
32,train/formula 1 racing/144.jpg,formula 1 racing,train
32,train/formula 1 racing/145.jpg,formula 1 racing,train
32,train/formula 1 racing/146.jpg,formula 1 racing,train
32,train/formula 1 racing/147.jpg,formula 1 racing,train
32,train/formula 1 racing/148.jpg,formula 1 racing,train
32,train/formula 1 racing/149.jpg,formula 1 racing,train
32,train/formula 1 racing/150.jpg,formula 1 racing,train
32,train/formula 1 racing/151.jpg,formula 1 racing,train
32,train/formula 1 racing/152.jpg,formula 1 racing,train
32,train/formula 1 racing/153.jpg,formula 1 racing,train
32,train/formula 1 racing/154.jpg,formula 1 racing,train
32,train/formula 1 racing/155.jpg,formula 1 racing,train
32,train/formula 1 racing/156.jpg,formula 1 racing,train
32,train/formula 1 racing/157.jpg,formula 1 racing,train
32,train/formula 1 racing/158.jpg,formula 1 racing,train
32,train/formula 1 racing/159.jpg,formula 1 racing,train
32,train/formula 1 racing/160.jpg,formula 1 racing,train
32,train/formula 1 racing/161.jpg,formula 1 racing,train
32,train/formula 1 racing/162.jpg,formula 1 racing,train
32,train/formula 1 racing/163.jpg,formula 1 racing,train
32,train/formula 1 racing/164.jpg,formula 1 racing,train
32,train/formula 1 racing/165.jpg,formula 1 racing,train
32,train/formula 1 racing/166.jpg,formula 1 racing,train
32,train/formula 1 racing/167.jpg,formula 1 racing,train
32,train/formula 1 racing/168.jpg,formula 1 racing,train
32,train/formula 1 racing/169.jpg,formula 1 racing,train
32,train/formula 1 racing/170.jpg,formula 1 racing,train
32,train/formula 1 racing/171.jpg,formula 1 racing,train
32,train/formula 1 racing/172.jpg,formula 1 racing,train
32,train/formula 1 racing/173.jpg,formula 1 racing,train
32,train/formula 1 racing/174.jpg,formula 1 racing,train
32,train/formula 1 racing/175.jpg,formula 1 racing,train
32,train/formula 1 racing/176.jpg,formula 1 racing,train
32,train/formula 1 racing/177.jpg,formula 1 racing,train
32,train/formula 1 racing/178.jpg,formula 1 racing,train
32,train/formula 1 racing/179.jpg,formula 1 racing,train
32,train/formula 1 racing/180.jpg,formula 1 racing,train
32,train/formula 1 racing/181.jpg,formula 1 racing,train
32,train/formula 1 racing/182.jpg,formula 1 racing,train
32,train/formula 1 racing/183.jpg,formula 1 racing,train
32,train/formula 1 racing/184.jpg,formula 1 racing,train
32,train/formula 1 racing/185.jpg,formula 1 racing,train
32,train/formula 1 racing/186.jpg,formula 1 racing,train
32,train/formula 1 racing/187.jpg,formula 1 racing,train
32,train/formula 1 racing/188.jpg,formula 1 racing,train
32,train/formula 1 racing/189.jpg,formula 1 racing,train
32,train/formula 1 racing/190.jpg,formula 1 racing,train
36,train/golf/001.jpg,golf,train
36,train/golf/002.jpg,golf,train
36,train/golf/003.jpg,golf,train
36,train/golf/004.jpg,golf,train
36,train/golf/005.jpg,golf,train
36,train/golf/006.jpg,golf,train
36,train/golf/007.jpg,golf,train
36,train/golf/008.jpg,golf,train
36,train/golf/009.jpg,golf,train
36,train/golf/010.jpg,golf,train
36,train/golf/011.jpg,golf,train
36,train/golf/012.jpg,golf,train
36,train/golf/013.jpg,golf,train
36,train/golf/014.jpg,golf,train
36,train/golf/015.jpg,golf,train
36,train/golf/016.jpg,golf,train
36,train/golf/017.jpg,golf,train
36,train/golf/018.jpg,golf,train
36,train/golf/019.jpg,golf,train
36,train/golf/020.jpg,golf,train
36,train/golf/021.jpg,golf,train
36,train/golf/022.jpg,golf,train
36,train/golf/023.jpg,golf,train
36,train/golf/024.jpg,golf,train
36,train/golf/025.jpg,golf,train
36,train/golf/026.jpg,golf,train
36,train/golf/027.jpg,golf,train
36,train/golf/028.jpg,golf,train
36,train/golf/029.jpg,golf,train
36,train/golf/030.jpg,golf,train
36,train/golf/031.jpg,golf,train
36,train/golf/032.jpg,golf,train
36,train/golf/033.jpg,golf,train
36,train/golf/034.jpg,golf,train
36,train/golf/035.jpg,golf,train
36,train/golf/036.jpg,golf,train
36,train/golf/037.jpg,golf,train
36,train/golf/038.jpg,golf,train
36,train/golf/039.jpg,golf,train
36,train/golf/040.jpg,golf,train
36,train/golf/041.jpg,golf,train
36,train/golf/042.jpg,golf,train
36,train/golf/043.jpg,golf,train
36,train/golf/044.jpg,golf,train
36,train/golf/045.jpg,golf,train
36,train/golf/046.jpg,golf,train
36,train/golf/047.jpg,golf,train
36,train/golf/048.jpg,golf,train
36,train/golf/049.jpg,golf,train
36,train/golf/050.jpg,golf,train
36,train/golf/051.jpg,golf,train
36,train/golf/052.jpg,golf,train
36,train/golf/053.jpg,golf,train
36,train/golf/054.jpg,golf,train
36,train/golf/055.jpg,golf,train
36,train/golf/056.jpg,golf,train
36,train/golf/057.jpg,golf,train
36,train/golf/058.jpg,golf,train
36,train/golf/059.jpg,golf,train
36,train/golf/060.jpg,golf,train
36,train/golf/061.jpg,golf,train
36,train/golf/062.jpg,golf,train
36,train/golf/063.jpg,golf,train
36,train/golf/064.jpg,golf,train
36,train/golf/065.jpg,golf,train
36,train/golf/066.jpg,golf,train
36,train/golf/067.jpg,golf,train
36,train/golf/068.jpg,golf,train
36,train/golf/069.jpg,golf,train
36,train/golf/070.jpg,golf,train
36,train/golf/071.jpg,golf,train
36,train/golf/072.jpg,golf,train
36,train/golf/073.jpg,golf,train
36,train/golf/074.jpg,golf,train
36,train/golf/075.jpg,golf,train
36,train/golf/076.jpg,golf,train
36,train/golf/077.jpg,golf,train
36,train/golf/078.jpg,golf,train
36,train/golf/079.jpg,golf,train
36,train/golf/080.jpg,golf,train
36,train/golf/081.jpg,golf,train
36,train/golf/082.jpg,golf,train
36,train/golf/083.jpg,golf,train
36,train/golf/084.jpg,golf,train
36,train/golf/085.jpg,golf,train
36,train/golf/086.jpg,golf,train
36,train/golf/087.jpg,golf,train
36,train/golf/088.jpg,golf,train
36,train/golf/089.jpg,golf,train
36,train/golf/090.jpg,golf,train
36,train/golf/091.jpg,golf,train
36,train/golf/092.jpg,golf,train
36,train/golf/093.jpg,golf,train
36,train/golf/094.jpg,golf,train
36,train/golf/095.jpg,golf,train
36,train/golf/096.jpg,golf,train
36,train/golf/097.jpg,golf,train
36,train/golf/098.jpg,golf,train
36,train/golf/099.jpg,golf,train
36,train/golf/100.jpg,golf,train
36,train/golf/101.jpg,golf,train
36,train/golf/102.jpg,golf,train
36,train/golf/103.jpg,golf,train
36,train/golf/104.jpg,golf,train
36,train/golf/105.jpg,golf,train
36,train/golf/106.jpg,golf,train
36,train/golf/107.jpg,golf,train
36,train/golf/108.jpg,golf,train
36,train/golf/109.jpg,golf,train
36,train/golf/110.jpg,golf,train
36,train/golf/111.jpg,golf,train
36,train/golf/112.jpg,golf,train
36,train/golf/113.jpg,golf,train
36,train/golf/114.jpg,golf,train
36,train/golf/115.jpg,golf,train
36,train/golf/116.jpg,golf,train
36,train/golf/117.jpg,golf,train
36,train/golf/118.jpg,golf,train
36,train/golf/119.jpg,golf,train
36,train/golf/120.jpg,golf,train
36,train/golf/121.jpg,golf,train
36,train/golf/122.jpg,golf,train
36,train/golf/123.jpg,golf,train
36,train/golf/124.jpg,golf,train
36,train/golf/125.jpg,golf,train
36,train/golf/126.jpg,golf,train
36,train/golf/127.jpg,golf,train
36,train/golf/128.jpg,golf,train
36,train/golf/129.jpg,golf,train
36,train/golf/130.jpg,golf,train
36,train/golf/131.jpg,golf,train
36,train/golf/132.jpg,golf,train
36,train/golf/133.jpg,golf,train
36,train/golf/134.jpg,golf,train
36,train/golf/135.jpg,golf,train
36,train/golf/136.jpg,golf,train
36,train/golf/137.jpg,golf,train
36,train/golf/138.jpg,golf,train
36,train/golf/139.jpg,golf,train
36,train/golf/140.jpg,golf,train
36,train/golf/141.jpg,golf,train
36,train/golf/142.jpg,golf,train
36,train/golf/143.jpg,golf,train
36,train/golf/144.jpg,golf,train
36,train/golf/145.jpg,golf,train
36,train/golf/146.jpg,golf,train
36,train/golf/147.jpg,golf,train
36,train/golf/148.jpg,golf,train
36,train/golf/149.jpg,golf,train
36,train/golf/150.jpg,golf,train
36,train/golf/151.jpg,golf,train
36,train/golf/152.jpg,golf,train
36,train/golf/153.jpg,golf,train
36,train/golf/154.jpg,golf,train
36,train/golf/155.jpg,golf,train
36,train/golf/156.jpg,golf,train
36,train/golf/157.jpg,golf,train
41,train/hockey/001.jpg,hockey,train
41,train/hockey/002.jpg,hockey,train
41,train/hockey/003.jpg,hockey,train
41,train/hockey/004.jpg,hockey,train
41,train/hockey/005.jpg,hockey,train
41,train/hockey/006.jpg,hockey,train
41,train/hockey/007.jpg,hockey,train
41,train/hockey/008.jpg,hockey,train
41,train/hockey/009.jpg,hockey,train
41,train/hockey/010.jpg,hockey,train
41,train/hockey/011.jpg,hockey,train
41,train/hockey/012.jpg,hockey,train
41,train/hockey/013.jpg,hockey,train
41,train/hockey/014.jpg,hockey,train
41,train/hockey/015.jpg,hockey,train
41,train/hockey/016.jpg,hockey,train
41,train/hockey/017.jpg,hockey,train
41,train/hockey/018.jpg,hockey,train
41,train/hockey/019.jpg,hockey,train
41,train/hockey/020.jpg,hockey,train
41,train/hockey/021.jpg,hockey,train
41,train/hockey/022.jpg,hockey,train
41,train/hockey/023.jpg,hockey,train
41,train/hockey/024.jpg,hockey,train
41,train/hockey/025.jpg,hockey,train
41,train/hockey/026.jpg,hockey,train
41,train/hockey/027.jpg,hockey,train
41,train/hockey/028.jpg,hockey,train
41,train/hockey/029.jpg,hockey,train
41,train/hockey/030.jpg,hockey,train
41,train/hockey/031.jpg,hockey,train
41,train/hockey/032.jpg,hockey,train
41,train/hockey/033.jpg,hockey,train
41,train/hockey/034.jpg,hockey,train
41,train/hockey/035.jpg,hockey,train
41,train/hockey/036.jpg,hockey,train
41,train/hockey/037.jpg,hockey,train
41,train/hockey/038.jpg,hockey,train
41,train/hockey/039.jpg,hockey,train
41,train/hockey/040.jpg,hockey,train
41,train/hockey/041.jpg,hockey,train
41,train/hockey/042.jpg,hockey,train
41,train/hockey/043.jpg,hockey,train
41,train/hockey/044.jpg,hockey,train
41,train/hockey/045.jpg,hockey,train
41,train/hockey/046.jpg,hockey,train
41,train/hockey/047.jpg,hockey,train
41,train/hockey/048.jpg,hockey,train
41,train/hockey/049.jpg,hockey,train
41,train/hockey/050.jpg,hockey,train
41,train/hockey/051.jpg,hockey,train
41,train/hockey/052.jpg,hockey,train
41,train/hockey/053.jpg,hockey,train
41,train/hockey/054.jpg,hockey,train
41,train/hockey/055.jpg,hockey,train
41,train/hockey/056.jpg,hockey,train
41,train/hockey/057.jpg,hockey,train
41,train/hockey/058.jpg,hockey,train
41,train/hockey/059.jpg,hockey,train
41,train/hockey/060.jpg,hockey,train
41,train/hockey/061.jpg,hockey,train
41,train/hockey/062.jpg,hockey,train
41,train/hockey/063.jpg,hockey,train
41,train/hockey/064.jpg,hockey,train
41,train/hockey/065.jpg,hockey,train
41,train/hockey/066.jpg,hockey,train
41,train/hockey/067.jpg,hockey,train
41,train/hockey/068.jpg,hockey,train
41,train/hockey/069.jpg,hockey,train
41,train/hockey/070.jpg,hockey,train
41,train/hockey/071.jpg,hockey,train
41,train/hockey/072.jpg,hockey,train
41,train/hockey/073.jpg,hockey,train
41,train/hockey/074.jpg,hockey,train
41,train/hockey/075.jpg,hockey,train
41,train/hockey/076.jpg,hockey,train
41,train/hockey/077.jpg,hockey,train
41,train/hockey/078.jpg,hockey,train
41,train/hockey/079.jpg,hockey,train
41,train/hockey/080.jpg,hockey,train
41,train/hockey/081.jpg,hockey,train
41,train/hockey/082.jpg,hockey,train
41,train/hockey/083.jpg,hockey,train
41,train/hockey/084.jpg,hockey,train
41,train/hockey/085.jpg,hockey,train
41,train/hockey/086.jpg,hockey,train
41,train/hockey/087.jpg,hockey,train
41,train/hockey/088.jpg,hockey,train
41,train/hockey/089.jpg,hockey,train
41,train/hockey/090.jpg,hockey,train
41,train/hockey/091.jpg,hockey,train
41,train/hockey/092.jpg,hockey,train
41,train/hockey/093.jpg,hockey,train
41,train/hockey/094.jpg,hockey,train
41,train/hockey/095.jpg,hockey,train
41,train/hockey/096.jpg,hockey,train
41,train/hockey/097.jpg,hockey,train
41,train/hockey/098.jpg,hockey,train
41,train/hockey/099.jpg,hockey,train
41,train/hockey/100.jpg,hockey,train
41,train/hockey/101.jpg,hockey,train
41,train/hockey/102.jpg,hockey,train
41,train/hockey/103.jpg,hockey,train
41,train/hockey/104.jpg,hockey,train
41,train/hockey/105.jpg,hockey,train
41,train/hockey/106.jpg,hockey,train
41,train/hockey/107.jpg,hockey,train
41,train/hockey/108.jpg,hockey,train
41,train/hockey/109.jpg,hockey,train
41,train/hockey/110.jpg,hockey,train
41,train/hockey/111.jpg,hockey,train
41,train/hockey/112.jpg,hockey,train
41,train/hockey/113.jpg,hockey,train
41,train/hockey/114.jpg,hockey,train
41,train/hockey/115.jpg,hockey,train
41,train/hockey/116.jpg,hockey,train
41,train/hockey/117.jpg,hockey,train
41,train/hockey/118.jpg,hockey,train
41,train/hockey/119.jpg,hockey,train
41,train/hockey/120.jpg,hockey,train
41,train/hockey/121.jpg,hockey,train
41,train/hockey/122.jpg,hockey,train
41,train/hockey/123.jpg,hockey,train
41,train/hockey/124.jpg,hockey,train
41,train/hockey/125.jpg,hockey,train
41,train/hockey/126.jpg,hockey,train
41,train/hockey/127.jpg,hockey,train
41,train/hockey/128.jpg,hockey,train
41,train/hockey/129.jpg,hockey,train
41,train/hockey/130.jpg,hockey,train
41,train/hockey/131.jpg,hockey,train
41,train/hockey/132.jpg,hockey,train
41,train/hockey/133.jpg,hockey,train
41,train/hockey/134.jpg,hockey,train
41,train/hockey/135.jpg,hockey,train
41,train/hockey/136.jpg,hockey,train
41,train/hockey/137.jpg,hockey,train
41,train/hockey/138.jpg,hockey,train
41,train/hockey/139.jpg,hockey,train
41,train/hockey/140.jpg,hockey,train
41,train/hockey/141.jpg,hockey,train
41,train/hockey/142.jpg,hockey,train
41,train/hockey/143.jpg,hockey,train
41,train/hockey/144.jpg,hockey,train
41,train/hockey/145.jpg,hockey,train
41,train/hockey/146.jpg,hockey,train
41,train/hockey/147.jpg,hockey,train
41,train/hockey/148.jpg,hockey,train
41,train/hockey/149.jpg,hockey,train
41,train/hockey/150.jpg,hockey,train
41,train/hockey/151.jpg,hockey,train
41,train/hockey/152.jpg,hockey,train
41,train/hockey/153.jpg,hockey,train
41,train/hockey/154.jpg,hockey,train
41,train/hockey/155.jpg,hockey,train
41,train/hockey/156.jpg,hockey,train
41,train/hockey/157.jpg,hockey,train
41,train/hockey/158.jpg,hockey,train
41,train/hockey/159.jpg,hockey,train
41,train/hockey/160.jpg,hockey,train
41,train/hockey/161.jpg,hockey,train
41,train/hockey/162.jpg,hockey,train
41,train/hockey/163.jpg,hockey,train
41,train/hockey/164.jpg,hockey,train
41,train/hockey/165.jpg,hockey,train
41,train/hockey/166.jpg,hockey,train
41,train/hockey/167.jpg,hockey,train
41,train/hockey/168.jpg,hockey,train
41,train/hockey/169.jpg,hockey,train
41,train/hockey/170.jpg,hockey,train
41,train/hockey/171.jpg,hockey,train
41,train/hockey/172.jpg,hockey,train
47,train/ice climbing/001.jpg,ice climbing,train
47,train/ice climbing/002.jpg,ice climbing,train
47,train/ice climbing/003.jpg,ice climbing,train
47,train/ice climbing/004.jpg,ice climbing,train
47,train/ice climbing/005.jpg,ice climbing,train
47,train/ice climbing/006.jpg,ice climbing,train
47,train/ice climbing/007.jpg,ice climbing,train
47,train/ice climbing/008.jpg,ice climbing,train
47,train/ice climbing/009.jpg,ice climbing,train
47,train/ice climbing/010.jpg,ice climbing,train
47,train/ice climbing/011.jpg,ice climbing,train
47,train/ice climbing/012.jpg,ice climbing,train
47,train/ice climbing/013.jpg,ice climbing,train
47,train/ice climbing/014.jpg,ice climbing,train
47,train/ice climbing/015.jpg,ice climbing,train
47,train/ice climbing/016.jpg,ice climbing,train
47,train/ice climbing/017.jpg,ice climbing,train
47,train/ice climbing/018.jpg,ice climbing,train
47,train/ice climbing/019.jpg,ice climbing,train
47,train/ice climbing/020.jpg,ice climbing,train
47,train/ice climbing/021.jpg,ice climbing,train
47,train/ice climbing/022.jpg,ice climbing,train
47,train/ice climbing/023.jpg,ice climbing,train
47,train/ice climbing/024.jpg,ice climbing,train
47,train/ice climbing/025.jpg,ice climbing,train
47,train/ice climbing/026.jpg,ice climbing,train
47,train/ice climbing/027.jpg,ice climbing,train
47,train/ice climbing/028.jpg,ice climbing,train
47,train/ice climbing/029.jpg,ice climbing,train
47,train/ice climbing/030.jpg,ice climbing,train
47,train/ice climbing/031.jpg,ice climbing,train
47,train/ice climbing/032.jpg,ice climbing,train
47,train/ice climbing/033.jpg,ice climbing,train
47,train/ice climbing/034.jpg,ice climbing,train
47,train/ice climbing/035.jpg,ice climbing,train
47,train/ice climbing/036.jpg,ice climbing,train
47,train/ice climbing/037.jpg,ice climbing,train
47,train/ice climbing/038.jpg,ice climbing,train
47,train/ice climbing/039.jpg,ice climbing,train
47,train/ice climbing/040.jpg,ice climbing,train
47,train/ice climbing/041.jpg,ice climbing,train
47,train/ice climbing/042.jpg,ice climbing,train
47,train/ice climbing/043.jpg,ice climbing,train
47,train/ice climbing/044.jpg,ice climbing,train
47,train/ice climbing/045.jpg,ice climbing,train
47,train/ice climbing/046.jpg,ice climbing,train
47,train/ice climbing/047.jpg,ice climbing,train
47,train/ice climbing/048.jpg,ice climbing,train
47,train/ice climbing/049.jpg,ice climbing,train
47,train/ice climbing/050.jpg,ice climbing,train
47,train/ice climbing/051.jpg,ice climbing,train
47,train/ice climbing/052.jpg,ice climbing,train
47,train/ice climbing/053.jpg,ice climbing,train
47,train/ice climbing/054.jpg,ice climbing,train
47,train/ice climbing/055.jpg,ice climbing,train
47,train/ice climbing/056.jpg,ice climbing,train
47,train/ice climbing/057.jpg,ice climbing,train
47,train/ice climbing/058.jpg,ice climbing,train
47,train/ice climbing/059.jpg,ice climbing,train
47,train/ice climbing/060.jpg,ice climbing,train
47,train/ice climbing/061.jpg,ice climbing,train
47,train/ice climbing/062.jpg,ice climbing,train
47,train/ice climbing/063.jpg,ice climbing,train
47,train/ice climbing/064.jpg,ice climbing,train
47,train/ice climbing/065.jpg,ice climbing,train
47,train/ice climbing/066.jpg,ice climbing,train
47,train/ice climbing/067.jpg,ice climbing,train
47,train/ice climbing/068.jpg,ice climbing,train
47,train/ice climbing/069.jpg,ice climbing,train
47,train/ice climbing/070.jpg,ice climbing,train
47,train/ice climbing/071.jpg,ice climbing,train
47,train/ice climbing/072.jpg,ice climbing,train
47,train/ice climbing/073.jpg,ice climbing,train
47,train/ice climbing/074.jpg,ice climbing,train
47,train/ice climbing/075.jpg,ice climbing,train
47,train/ice climbing/076.jpg,ice climbing,train
47,train/ice climbing/077.jpg,ice climbing,train
47,train/ice climbing/078.jpg,ice climbing,train
47,train/ice climbing/079.jpg,ice climbing,train
47,train/ice climbing/080.jpg,ice climbing,train
47,train/ice climbing/081.jpg,ice climbing,train
47,train/ice climbing/082.jpg,ice climbing,train
47,train/ice climbing/083.jpg,ice climbing,train
47,train/ice climbing/084.jpg,ice climbing,train
47,train/ice climbing/085.jpg,ice climbing,train
47,train/ice climbing/086.jpg,ice climbing,train
47,train/ice climbing/087.jpg,ice climbing,train
47,train/ice climbing/088.jpg,ice climbing,train
47,train/ice climbing/089.jpg,ice climbing,train
47,train/ice climbing/090.jpg,ice climbing,train
47,train/ice climbing/091.jpg,ice climbing,train
47,train/ice climbing/092.jpg,ice climbing,train
47,train/ice climbing/093.jpg,ice climbing,train
47,train/ice climbing/094.jpg,ice climbing,train
47,train/ice climbing/095.jpg,ice climbing,train
47,train/ice climbing/096.jpg,ice climbing,train
47,train/ice climbing/097.jpg,ice climbing,train
47,train/ice climbing/098.jpg,ice climbing,train
47,train/ice climbing/099.jpg,ice climbing,train
47,train/ice climbing/100.jpg,ice climbing,train
47,train/ice climbing/101.jpg,ice climbing,train
47,train/ice climbing/102.jpg,ice climbing,train
47,train/ice climbing/103.jpg,ice climbing,train
47,train/ice climbing/104.jpg,ice climbing,train
47,train/ice climbing/105.jpg,ice climbing,train
47,train/ice climbing/106.jpg,ice climbing,train
47,train/ice climbing/107.jpg,ice climbing,train
47,train/ice climbing/108.jpg,ice climbing,train
47,train/ice climbing/109.jpg,ice climbing,train
47,train/ice climbing/110.jpg,ice climbing,train
47,train/ice climbing/111.jpg,ice climbing,train
47,train/ice climbing/112.jpg,ice climbing,train
47,train/ice climbing/113.jpg,ice climbing,train
47,train/ice climbing/114.jpg,ice climbing,train
47,train/ice climbing/115.jpg,ice climbing,train
47,train/ice climbing/116.jpg,ice climbing,train
47,train/ice climbing/117.jpg,ice climbing,train
47,train/ice climbing/118.jpg,ice climbing,train
47,train/ice climbing/119.jpg,ice climbing,train
47,train/ice climbing/120.jpg,ice climbing,train
47,train/ice climbing/121.jpg,ice climbing,train
47,train/ice climbing/122.jpg,ice climbing,train
47,train/ice climbing/123.jpg,ice climbing,train
47,train/ice climbing/124.jpg,ice climbing,train
47,train/ice climbing/125.jpg,ice climbing,train
47,train/ice climbing/126.jpg,ice climbing,train
47,train/ice climbing/127.jpg,ice climbing,train
47,train/ice climbing/128.jpg,ice climbing,train
47,train/ice climbing/129.jpg,ice climbing,train
47,train/ice climbing/130.jpg,ice climbing,train
83,train/sumo wrestling/001.jpg,sumo wrestling,train
83,train/sumo wrestling/002.jpg,sumo wrestling,train
83,train/sumo wrestling/003.jpg,sumo wrestling,train
83,train/sumo wrestling/004.jpg,sumo wrestling,train
83,train/sumo wrestling/005.jpg,sumo wrestling,train
83,train/sumo wrestling/006.jpg,sumo wrestling,train
83,train/sumo wrestling/007.jpg,sumo wrestling,train
83,train/sumo wrestling/008.jpg,sumo wrestling,train
83,train/sumo wrestling/009.jpg,sumo wrestling,train
83,train/sumo wrestling/010.jpg,sumo wrestling,train
83,train/sumo wrestling/011.jpg,sumo wrestling,train
83,train/sumo wrestling/012.jpg,sumo wrestling,train
83,train/sumo wrestling/013.jpg,sumo wrestling,train
83,train/sumo wrestling/014.jpg,sumo wrestling,train
83,train/sumo wrestling/015.jpg,sumo wrestling,train
83,train/sumo wrestling/016.jpg,sumo wrestling,train
83,train/sumo wrestling/017.jpg,sumo wrestling,train
83,train/sumo wrestling/018.jpg,sumo wrestling,train
83,train/sumo wrestling/019.jpg,sumo wrestling,train
83,train/sumo wrestling/020.jpg,sumo wrestling,train
83,train/sumo wrestling/021.jpg,sumo wrestling,train
83,train/sumo wrestling/022.jpg,sumo wrestling,train
83,train/sumo wrestling/023.jpg,sumo wrestling,train
83,train/sumo wrestling/024.jpg,sumo wrestling,train
83,train/sumo wrestling/025.jpg,sumo wrestling,train
83,train/sumo wrestling/026.jpg,sumo wrestling,train
83,train/sumo wrestling/027.jpg,sumo wrestling,train
83,train/sumo wrestling/028.jpg,sumo wrestling,train
83,train/sumo wrestling/029.jpg,sumo wrestling,train
83,train/sumo wrestling/030.jpg,sumo wrestling,train
83,train/sumo wrestling/031.jpg,sumo wrestling,train
83,train/sumo wrestling/032.jpg,sumo wrestling,train
83,train/sumo wrestling/033.jpg,sumo wrestling,train
83,train/sumo wrestling/034.jpg,sumo wrestling,train
83,train/sumo wrestling/035.jpg,sumo wrestling,train
83,train/sumo wrestling/036.jpg,sumo wrestling,train
83,train/sumo wrestling/037.jpg,sumo wrestling,train
83,train/sumo wrestling/038.jpg,sumo wrestling,train
83,train/sumo wrestling/039.jpg,sumo wrestling,train
83,train/sumo wrestling/040.jpg,sumo wrestling,train
83,train/sumo wrestling/041.jpg,sumo wrestling,train
83,train/sumo wrestling/042.jpg,sumo wrestling,train
83,train/sumo wrestling/043.jpg,sumo wrestling,train
83,train/sumo wrestling/044.jpg,sumo wrestling,train
83,train/sumo wrestling/045.jpg,sumo wrestling,train
83,train/sumo wrestling/046.jpg,sumo wrestling,train
83,train/sumo wrestling/047.jpg,sumo wrestling,train
83,train/sumo wrestling/048.jpg,sumo wrestling,train
83,train/sumo wrestling/049.jpg,sumo wrestling,train
83,train/sumo wrestling/050.jpg,sumo wrestling,train
83,train/sumo wrestling/051.jpg,sumo wrestling,train
83,train/sumo wrestling/052.jpg,sumo wrestling,train
83,train/sumo wrestling/053.jpg,sumo wrestling,train
83,train/sumo wrestling/054.jpg,sumo wrestling,train
83,train/sumo wrestling/055.jpg,sumo wrestling,train
83,train/sumo wrestling/056.jpg,sumo wrestling,train
83,train/sumo wrestling/057.jpg,sumo wrestling,train
83,train/sumo wrestling/058.jpg,sumo wrestling,train
83,train/sumo wrestling/059.jpg,sumo wrestling,train
83,train/sumo wrestling/060.jpg,sumo wrestling,train
83,train/sumo wrestling/061.jpg,sumo wrestling,train
83,train/sumo wrestling/062.jpg,sumo wrestling,train
83,train/sumo wrestling/063.jpg,sumo wrestling,train
83,train/sumo wrestling/064.jpg,sumo wrestling,train
83,train/sumo wrestling/065.jpg,sumo wrestling,train
83,train/sumo wrestling/066.jpg,sumo wrestling,train
83,train/sumo wrestling/067.jpg,sumo wrestling,train
83,train/sumo wrestling/068.jpg,sumo wrestling,train
83,train/sumo wrestling/069.jpg,sumo wrestling,train
83,train/sumo wrestling/070.jpg,sumo wrestling,train
83,train/sumo wrestling/071.jpg,sumo wrestling,train
83,train/sumo wrestling/072.jpg,sumo wrestling,train
83,train/sumo wrestling/073.jpg,sumo wrestling,train
83,train/sumo wrestling/074.jpg,sumo wrestling,train
83,train/sumo wrestling/075.jpg,sumo wrestling,train
83,train/sumo wrestling/076.jpg,sumo wrestling,train
83,train/sumo wrestling/077.jpg,sumo wrestling,train
83,train/sumo wrestling/078.jpg,sumo wrestling,train
83,train/sumo wrestling/079.jpg,sumo wrestling,train
83,train/sumo wrestling/080.jpg,sumo wrestling,train
83,train/sumo wrestling/081.jpg,sumo wrestling,train
83,train/sumo wrestling/082.jpg,sumo wrestling,train
83,train/sumo wrestling/083.jpg,sumo wrestling,train
83,train/sumo wrestling/084.jpg,sumo wrestling,train
83,train/sumo wrestling/085.jpg,sumo wrestling,train
83,train/sumo wrestling/086.jpg,sumo wrestling,train
83,train/sumo wrestling/087.jpg,sumo wrestling,train
83,train/sumo wrestling/088.jpg,sumo wrestling,train
83,train/sumo wrestling/089.jpg,sumo wrestling,train
83,train/sumo wrestling/090.jpg,sumo wrestling,train
83,train/sumo wrestling/091.jpg,sumo wrestling,train
83,train/sumo wrestling/092.jpg,sumo wrestling,train
83,train/sumo wrestling/093.jpg,sumo wrestling,train
83,train/sumo wrestling/094.jpg,sumo wrestling,train
83,train/sumo wrestling/095.jpg,sumo wrestling,train
83,train/sumo wrestling/096.jpg,sumo wrestling,train
83,train/sumo wrestling/097.jpg,sumo wrestling,train
83,train/sumo wrestling/098.jpg,sumo wrestling,train
83,train/sumo wrestling/099.jpg,sumo wrestling,train
83,train/sumo wrestling/100.jpg,sumo wrestling,train
83,train/sumo wrestling/101.jpg,sumo wrestling,train
83,train/sumo wrestling/102.jpg,sumo wrestling,train
83,train/sumo wrestling/103.jpg,sumo wrestling,train
83,train/sumo wrestling/104.jpg,sumo wrestling,train
83,train/sumo wrestling/105.jpg,sumo wrestling,train
83,train/sumo wrestling/106.jpg,sumo wrestling,train
83,train/sumo wrestling/107.jpg,sumo wrestling,train
83,train/sumo wrestling/108.jpg,sumo wrestling,train
83,train/sumo wrestling/109.jpg,sumo wrestling,train
83,train/sumo wrestling/110.jpg,sumo wrestling,train
83,train/sumo wrestling/111.jpg,sumo wrestling,train
83,train/sumo wrestling/112.jpg,sumo wrestling,train
83,train/sumo wrestling/113.jpg,sumo wrestling,train
83,train/sumo wrestling/114.jpg,sumo wrestling,train
83,train/sumo wrestling/115.jpg,sumo wrestling,train
83,train/sumo wrestling/116.jpg,sumo wrestling,train
83,train/sumo wrestling/117.jpg,sumo wrestling,train
83,train/sumo wrestling/118.jpg,sumo wrestling,train
83,train/sumo wrestling/119.jpg,sumo wrestling,train
83,train/sumo wrestling/120.jpg,sumo wrestling,train
83,train/sumo wrestling/121.jpg,sumo wrestling,train
83,train/sumo wrestling/122.jpg,sumo wrestling,train
83,train/sumo wrestling/123.jpg,sumo wrestling,train
83,train/sumo wrestling/124.jpg,sumo wrestling,train
83,train/sumo wrestling/125.jpg,sumo wrestling,train
83,train/sumo wrestling/126.jpg,sumo wrestling,train
83,train/sumo wrestling/127.jpg,sumo wrestling,train
83,train/sumo wrestling/128.jpg,sumo wrestling,train
83,train/sumo wrestling/129.jpg,sumo wrestling,train
83,train/sumo wrestling/130.jpg,sumo wrestling,train
83,train/sumo wrestling/131.jpg,sumo wrestling,train
83,train/sumo wrestling/132.jpg,sumo wrestling,train
83,train/sumo wrestling/133.jpg,sumo wrestling,train
84,train/surfing/001.jpg,surfing,train
84,train/surfing/002.jpg,surfing,train
84,train/surfing/003.jpg,surfing,train
84,train/surfing/004.jpg,surfing,train
84,train/surfing/005.jpg,surfing,train
84,train/surfing/006.jpg,surfing,train
84,train/surfing/007.jpg,surfing,train
84,train/surfing/008.jpg,surfing,train
84,train/surfing/009.jpg,surfing,train
84,train/surfing/010.jpg,surfing,train
84,train/surfing/011.jpg,surfing,train
84,train/surfing/012.jpg,surfing,train
84,train/surfing/013.jpg,surfing,train
84,train/surfing/014.jpg,surfing,train
84,train/surfing/015.jpg,surfing,train
84,train/surfing/016.jpg,surfing,train
84,train/surfing/017.jpg,surfing,train
84,train/surfing/018.jpg,surfing,train
84,train/surfing/019.jpg,surfing,train
84,train/surfing/020.jpg,surfing,train
84,train/surfing/021.jpg,surfing,train
84,train/surfing/022.jpg,surfing,train
84,train/surfing/023.jpg,surfing,train
84,train/surfing/024.jpg,surfing,train
84,train/surfing/025.jpg,surfing,train
84,train/surfing/026.jpg,surfing,train
84,train/surfing/027.jpg,surfing,train
84,train/surfing/028.jpg,surfing,train
84,train/surfing/029.jpg,surfing,train
84,train/surfing/030.jpg,surfing,train
84,train/surfing/031.jpg,surfing,train
84,train/surfing/032.jpg,surfing,train
84,train/surfing/033.jpg,surfing,train
84,train/surfing/034.jpg,surfing,train
84,train/surfing/035.jpg,surfing,train
84,train/surfing/036.jpg,surfing,train
84,train/surfing/037.jpg,surfing,train
84,train/surfing/038.jpg,surfing,train
84,train/surfing/039.jpg,surfing,train
84,train/surfing/040.jpg,surfing,train
84,train/surfing/041.jpg,surfing,train
84,train/surfing/042.jpg,surfing,train
84,train/surfing/043.jpg,surfing,train
84,train/surfing/044.jpg,surfing,train
84,train/surfing/045.jpg,surfing,train
84,train/surfing/046.jpg,surfing,train
84,train/surfing/047.jpg,surfing,train
84,train/surfing/048.jpg,surfing,train
84,train/surfing/049.jpg,surfing,train
84,train/surfing/050.jpg,surfing,train
84,train/surfing/051.jpg,surfing,train
84,train/surfing/052.jpg,surfing,train
84,train/surfing/053.jpg,surfing,train
84,train/surfing/054.jpg,surfing,train
84,train/surfing/055.jpg,surfing,train
84,train/surfing/056.jpg,surfing,train
84,train/surfing/057.jpg,surfing,train
84,train/surfing/058.jpg,surfing,train
84,train/surfing/059.jpg,surfing,train
84,train/surfing/060.jpg,surfing,train
84,train/surfing/061.jpg,surfing,train
84,train/surfing/062.jpg,surfing,train
84,train/surfing/063.jpg,surfing,train
84,train/surfing/064.jpg,surfing,train
84,train/surfing/065.jpg,surfing,train
84,train/surfing/066.jpg,surfing,train
84,train/surfing/067.jpg,surfing,train
84,train/surfing/068.jpg,surfing,train
84,train/surfing/069.jpg,surfing,train
84,train/surfing/070.jpg,surfing,train
84,train/surfing/071.jpg,surfing,train
84,train/surfing/072.jpg,surfing,train
84,train/surfing/073.jpg,surfing,train
84,train/surfing/074.jpg,surfing,train
84,train/surfing/075.jpg,surfing,train
84,train/surfing/076.jpg,surfing,train
84,train/surfing/077.jpg,surfing,train
84,train/surfing/078.jpg,surfing,train
84,train/surfing/079.jpg,surfing,train
84,train/surfing/080.jpg,surfing,train
84,train/surfing/081.jpg,surfing,train
84,train/surfing/082.jpg,surfing,train
84,train/surfing/083.jpg,surfing,train
84,train/surfing/084.jpg,surfing,train
84,train/surfing/085.jpg,surfing,train
84,train/surfing/086.jpg,surfing,train
84,train/surfing/087.jpg,surfing,train
84,train/surfing/088.jpg,surfing,train
84,train/surfing/089.jpg,surfing,train
84,train/surfing/090.jpg,surfing,train
84,train/surfing/091.jpg,surfing,train
84,train/surfing/092.jpg,surfing,train
84,train/surfing/093.jpg,surfing,train
84,train/surfing/094.jpg,surfing,train
84,train/surfing/095.jpg,surfing,train
84,train/surfing/096.jpg,surfing,train
84,train/surfing/097.jpg,surfing,train
84,train/surfing/098.jpg,surfing,train
84,train/surfing/099.jpg,surfing,train
84,train/surfing/100.jpg,surfing,train
84,train/surfing/101.jpg,surfing,train
84,train/surfing/102.jpg,surfing,train
84,train/surfing/103.jpg,surfing,train
84,train/surfing/104.jpg,surfing,train
84,train/surfing/105.jpg,surfing,train
84,train/surfing/106.jpg,surfing,train
84,train/surfing/107.jpg,surfing,train
84,train/surfing/108.jpg,surfing,train
84,train/surfing/109.jpg,surfing,train
84,train/surfing/110.jpg,surfing,train
84,train/surfing/111.jpg,surfing,train
84,train/surfing/112.jpg,surfing,train
84,train/surfing/113.jpg,surfing,train
84,train/surfing/114.jpg,surfing,train
84,train/surfing/115.jpg,surfing,train
84,train/surfing/116.jpg,surfing,train
84,train/surfing/117.jpg,surfing,train
84,train/surfing/118.jpg,surfing,train
84,train/surfing/119.jpg,surfing,train
84,train/surfing/120.jpg,surfing,train
84,train/surfing/121.jpg,surfing,train
84,train/surfing/122.jpg,surfing,train
84,train/surfing/123.jpg,surfing,train
84,train/surfing/124.jpg,surfing,train
84,train/surfing/125.jpg,surfing,train
84,train/surfing/126.jpg,surfing,train
84,train/surfing/127.jpg,surfing,train
84,train/surfing/128.jpg,surfing,train
84,train/surfing/129.jpg,surfing,train
84,train/surfing/130.jpg,surfing,train
84,train/surfing/131.jpg,surfing,train
84,train/surfing/132.jpg,surfing,train
84,train/surfing/133.jpg,surfing,train
84,train/surfing/134.jpg,surfing,train
84,train/surfing/135.jpg,surfing,train
84,train/surfing/136.jpg,surfing,train
84,train/surfing/137.jpg,surfing,train
84,train/surfing/138.jpg,surfing,train
84,train/surfing/139.jpg,surfing,train
84,train/surfing/140.jpg,surfing,train
84,train/surfing/141.jpg,surfing,train
84,train/surfing/142.jpg,surfing,train
87,train/tennis/001.jpg,tennis,train
87,train/tennis/002.jpg,tennis,train
87,train/tennis/003.jpg,tennis,train
87,train/tennis/004.jpg,tennis,train
87,train/tennis/005.jpg,tennis,train
87,train/tennis/006.jpg,tennis,train
87,train/tennis/007.jpg,tennis,train
87,train/tennis/008.jpg,tennis,train
87,train/tennis/009.jpg,tennis,train
87,train/tennis/010.jpg,tennis,train
87,train/tennis/011.jpg,tennis,train
87,train/tennis/012.jpg,tennis,train
87,train/tennis/013.jpg,tennis,train
87,train/tennis/014.jpg,tennis,train
87,train/tennis/015.jpg,tennis,train
87,train/tennis/016.jpg,tennis,train
87,train/tennis/017.jpg,tennis,train
87,train/tennis/018.jpg,tennis,train
87,train/tennis/019.jpg,tennis,train
87,train/tennis/020.jpg,tennis,train
87,train/tennis/021.jpg,tennis,train
87,train/tennis/022.jpg,tennis,train
87,train/tennis/023.jpg,tennis,train
87,train/tennis/024.jpg,tennis,train
87,train/tennis/025.jpg,tennis,train
87,train/tennis/026.jpg,tennis,train
87,train/tennis/027.jpg,tennis,train
87,train/tennis/028.jpg,tennis,train
87,train/tennis/029.jpg,tennis,train
87,train/tennis/030.jpg,tennis,train
87,train/tennis/031.jpg,tennis,train
87,train/tennis/032.jpg,tennis,train
87,train/tennis/033.jpg,tennis,train
87,train/tennis/034.jpg,tennis,train
87,train/tennis/035.jpg,tennis,train
87,train/tennis/036.jpg,tennis,train
87,train/tennis/037.jpg,tennis,train
87,train/tennis/038.jpg,tennis,train
87,train/tennis/039.jpg,tennis,train
87,train/tennis/040.jpg,tennis,train
87,train/tennis/041.jpg,tennis,train
87,train/tennis/042.jpg,tennis,train
87,train/tennis/043.jpg,tennis,train
87,train/tennis/044.jpg,tennis,train
87,train/tennis/045.jpg,tennis,train
87,train/tennis/046.jpg,tennis,train
87,train/tennis/047.jpg,tennis,train
87,train/tennis/048.jpg,tennis,train
87,train/tennis/049.jpg,tennis,train
87,train/tennis/050.jpg,tennis,train
87,train/tennis/051.jpg,tennis,train
87,train/tennis/052.jpg,tennis,train
87,train/tennis/053.jpg,tennis,train
87,train/tennis/054.jpg,tennis,train
87,train/tennis/055.jpg,tennis,train
87,train/tennis/056.jpg,tennis,train
87,train/tennis/057.jpg,tennis,train
87,train/tennis/058.jpg,tennis,train
87,train/tennis/059.jpg,tennis,train
87,train/tennis/060.jpg,tennis,train
87,train/tennis/061.jpg,tennis,train
87,train/tennis/062.jpg,tennis,train
87,train/tennis/063.jpg,tennis,train
87,train/tennis/064.jpg,tennis,train
87,train/tennis/065.jpg,tennis,train
87,train/tennis/066.jpg,tennis,train
87,train/tennis/067.jpg,tennis,train
87,train/tennis/068.jpg,tennis,train
87,train/tennis/069.jpg,tennis,train
87,train/tennis/070.jpg,tennis,train
87,train/tennis/071.jpg,tennis,train
87,train/tennis/072.jpg,tennis,train
87,train/tennis/073.jpg,tennis,train
87,train/tennis/074.jpg,tennis,train
87,train/tennis/075.jpg,tennis,train
87,train/tennis/076.jpg,tennis,train
87,train/tennis/077.jpg,tennis,train
87,train/tennis/078.jpg,tennis,train
87,train/tennis/079.jpg,tennis,train
87,train/tennis/080.jpg,tennis,train
87,train/tennis/081.jpg,tennis,train
87,train/tennis/082.jpg,tennis,train
87,train/tennis/083.jpg,tennis,train
87,train/tennis/084.jpg,tennis,train
87,train/tennis/085.jpg,tennis,train
87,train/tennis/086.jpg,tennis,train
87,train/tennis/087.jpg,tennis,train
87,train/tennis/088.jpg,tennis,train
87,train/tennis/089.jpg,tennis,train
87,train/tennis/090.jpg,tennis,train
87,train/tennis/091.jpg,tennis,train
87,train/tennis/092.jpg,tennis,train
87,train/tennis/093.jpg,tennis,train
87,train/tennis/094.jpg,tennis,train
87,train/tennis/095.jpg,tennis,train
87,train/tennis/096.jpg,tennis,train
87,train/tennis/097.jpg,tennis,train
87,train/tennis/098.jpg,tennis,train
87,train/tennis/099.jpg,tennis,train
87,train/tennis/100.jpg,tennis,train
87,train/tennis/101.jpg,tennis,train
87,train/tennis/102.jpg,tennis,train
87,train/tennis/103.jpg,tennis,train
87,train/tennis/104.jpg,tennis,train
87,train/tennis/105.jpg,tennis,train
87,train/tennis/106.jpg,tennis,train
87,train/tennis/107.jpg,tennis,train
87,train/tennis/108.jpg,tennis,train
87,train/tennis/109.jpg,tennis,train
87,train/tennis/110.jpg,tennis,train
87,train/tennis/111.jpg,tennis,train
87,train/tennis/112.jpg,tennis,train
87,train/tennis/113.jpg,tennis,train
87,train/tennis/114.jpg,tennis,train
87,train/tennis/115.jpg,tennis,train
87,train/tennis/116.jpg,tennis,train
87,train/tennis/117.jpg,tennis,train
87,train/tennis/118.jpg,tennis,train
87,train/tennis/119.jpg,tennis,train
87,train/tennis/120.jpg,tennis,train
87,train/tennis/121.jpg,tennis,train
87,train/tennis/122.jpg,tennis,train
87,train/tennis/123.jpg,tennis,train
87,train/tennis/124.jpg,tennis,train
87,train/tennis/125.jpg,tennis,train
87,train/tennis/126.jpg,tennis,train
87,train/tennis/127.jpg,tennis,train
87,train/tennis/128.jpg,tennis,train
87,train/tennis/129.jpg,tennis,train
87,train/tennis/130.jpg,tennis,train
87,train/tennis/131.jpg,tennis,train
8,test/basketball/1.jpg,basketball,test
8,test/basketball/2.jpg,basketball,test
8,test/basketball/3.jpg,basketball,test
8,test/basketball/4.jpg,basketball,test
8,test/basketball/5.jpg,basketball,test
14,test/bowling/1.jpg,bowling,test
14,test/bowling/2.jpg,bowling,test
14,test/bowling/3.jpg,bowling,test
14,test/bowling/4.jpg,bowling,test
14,test/bowling/5.jpg,bowling,test
31,test/football/1.jpg,football,test
31,test/football/2.jpg,football,test
31,test/football/3.jpg,football,test
31,test/football/4.jpg,football,test
31,test/football/5.jpg,football,test
32,test/formula 1 racing/1.jpg,formula 1 racing,test
32,test/formula 1 racing/2.jpg,formula 1 racing,test
32,test/formula 1 racing/3.jpg,formula 1 racing,test
32,test/formula 1 racing/4.jpg,formula 1 racing,test
32,test/formula 1 racing/5.jpg,formula 1 racing,test
36,test/golf/1.jpg,golf,test
36,test/golf/2.jpg,golf,test
36,test/golf/3.jpg,golf,test
36,test/golf/4.jpg,golf,test
36,test/golf/5.jpg,golf,test
41,test/hockey/1.jpg,hockey,test
41,test/hockey/2.jpg,hockey,test
41,test/hockey/3.jpg,hockey,test
41,test/hockey/4.jpg,hockey,test
41,test/hockey/5.jpg,hockey,test
47,test/ice climbing/1.jpg,ice climbing,test
47,test/ice climbing/2.jpg,ice climbing,test
47,test/ice climbing/3.jpg,ice climbing,test
47,test/ice climbing/4.jpg,ice climbing,test
47,test/ice climbing/5.jpg,ice climbing,test
83,test/sumo wrestling/1.jpg,sumo wrestling,test
83,test/sumo wrestling/2.jpg,sumo wrestling,test
83,test/sumo wrestling/3.jpg,sumo wrestling,test
83,test/sumo wrestling/4.jpg,sumo wrestling,test
83,test/sumo wrestling/5.jpg,sumo wrestling,test
84,test/surfing/1.jpg,surfing,test
84,test/surfing/2.jpg,surfing,test
84,test/surfing/3.jpg,surfing,test
84,test/surfing/4.jpg,surfing,test
84,test/surfing/5.jpg,surfing,test
87,test/tennis/1.jpg,tennis,test
87,test/tennis/2.jpg,tennis,test
87,test/tennis/3.jpg,tennis,test
87,test/tennis/4.jpg,tennis,test
87,test/tennis/5.jpg,tennis,test
8,valid/basketball/1.jpg,basketball,valid
8,valid/basketball/2.jpg,basketball,valid
8,valid/basketball/3.jpg,basketball,valid
8,valid/basketball/4.jpg,basketball,valid
8,valid/basketball/5.jpg,basketball,valid
14,valid/bowling/1.jpg,bowling,valid
14,valid/bowling/2.jpg,bowling,valid
14,valid/bowling/3.jpg,bowling,valid
14,valid/bowling/4.jpg,bowling,valid
14,valid/bowling/5.jpg,bowling,valid
31,valid/football/1.jpg,football,valid
31,valid/football/2.jpg,football,valid
31,valid/football/3.jpg,football,valid
31,valid/football/4.jpg,football,valid
31,valid/football/5.jpg,football,valid
32,valid/formula 1 racing/1.jpg,formula 1 racing,valid
32,valid/formula 1 racing/2.jpg,formula 1 racing,valid
32,valid/formula 1 racing/3.jpg,formula 1 racing,valid
32,valid/formula 1 racing/4.jpg,formula 1 racing,valid
32,valid/formula 1 racing/5.jpg,formula 1 racing,valid
36,valid/golf/1.jpg,golf,valid
36,valid/golf/2.jpg,golf,valid
36,valid/golf/3.jpg,golf,valid
36,valid/golf/4.jpg,golf,valid
36,valid/golf/5.jpg,golf,valid
41,valid/hockey/1.jpg,hockey,valid
41,valid/hockey/2.jpg,hockey,valid
41,valid/hockey/3.jpg,hockey,valid
41,valid/hockey/4.jpg,hockey,valid
41,valid/hockey/5.jpg,hockey,valid
47,valid/ice climbing/1.jpg,ice climbing,valid
47,valid/ice climbing/2.jpg,ice climbing,valid
47,valid/ice climbing/3.jpg,ice climbing,valid
47,valid/ice climbing/4.jpg,ice climbing,valid
47,valid/ice climbing/5.jpg,ice climbing,valid
83,valid/sumo wrestling/1.jpg,sumo wrestling,valid
83,valid/sumo wrestling/2.jpg,sumo wrestling,valid
83,valid/sumo wrestling/3.jpg,sumo wrestling,valid
83,valid/sumo wrestling/4.jpg,sumo wrestling,valid
83,valid/sumo wrestling/5.jpg,sumo wrestling,valid
84,valid/surfing/1.jpg,surfing,valid
84,valid/surfing/2.jpg,surfing,valid
84,valid/surfing/3.jpg,surfing,valid
84,valid/surfing/4.jpg,surfing,valid
84,valid/surfing/5.jpg,surfing,valid
87,valid/tennis/1.jpg,tennis,valid
87,valid/tennis/2.jpg,tennis,valid
87,valid/tennis/3.jpg,tennis,valid
87,valid/tennis/4.jpg,tennis,valid
87,valid/tennis/5.jpg,tennis,valid
